epochs,loss,accuracy
1,1.3547150070388596,0.5321558713912964
5,1.271383807541488,0.5477402806282043
10,1.181119974606997,0.5768311619758606
50,1.0882340633095084,0.6023896336555481
100,1.0645019741553765,0.6183896064758301
500,0.9983586240000539,0.6443636417388916
1000,0.968105059809499,0.6580778956413269
