epochs,loss,accuracy
1,1.3639480104026456,0.5353524684906006
5,1.273531866635521,0.5548893809318542
10,1.2165085152946822,0.5698780417442322
50,1.1241531731398706,0.6004754900932312
100,1.0913209882629344,0.6153607368469238
500,1.0203866227145824,0.6345875263214111
1000,0.9960199009664842,0.6495761871337891
