epochs,loss,accuracy
1,1.3460863669655683,0.5337340831756592
5,1.2717717529294503,0.5522851943969727
10,1.1957027833317708,0.5806819200515747
50,1.0986958571030867,0.6099077463150024
100,1.0584223221986329,0.627629816532135
500,1.0153430045880312,0.6422427296638489
1000,0.9655284813888728,0.6632811427116394