epochs,loss,accuracy
1,1.3585932566554029,0.5327954888343811
5,1.2657933025328132,0.558361291885376
10,1.1962110043970957,0.5799455046653748
50,1.1120917317453594,0.6056160926818848
100,1.0411030280919806,0.6261525750160217
500,0.9818907526992293,0.6435456871986389
1000,0.9715129668634676,0.6581097841262817
