epochs,loss,accuracy
1,1.381501533309489,0.5289087891578674
5,1.3185868546221078,0.5517100691795349
10,1.282831060187436,0.5577157735824585
50,1.250856795509009,0.5780740976333618
100,1.2789901160067767,0.555679976940155
500,1.2496314588994855,0.5707451105117798
1000,1.1588364209530797,0.6062703728675842
