epochs,loss,accuracy
1,1.3944077393546632,0.5305801033973694
5,1.3871990961906238,0.5305801033973694
10,1.3380635059295758,0.5368852615356445
50,1.4029306827246917,0.5305801033973694
100,1.397508023415558,0.5305801033973694
500,1.3975671495194695,0.5305801033973694
1000,1.397597574395961,0.5305801033973694
