epochs,loss,accuracy
1,1.3667139553995935,0.5310147404670715
5,1.2867317843343657,0.546071469783783
10,1.2300140178414674,0.5669600367546082
50,1.1431583901147375,0.5845615267753601
100,1.1103951987122038,0.5880606770515442
500,1.0182784482158895,0.6290955543518066
1000,0.9713317621122071,0.6409712433815002
