epochs,loss,accuracy
1,1.3469764899287449,0.5365981459617615
5,1.2660135672796493,0.5569421052932739
10,1.2114201347099856,0.5648070573806763
50,1.1169383294830386,0.5940645933151245
100,1.067618193642405,0.6118918061256409
500,1.0336920150974453,0.6263632774353027
1000,0.9907497101582137,0.650587260723114
