epochs,loss,accuracy
1,1.4011010984713967,0.5252322554588318
5,1.4018975965477325,0.5252322554588318
10,1.4014299322624464,0.5252322554588318
50,1.4014967484651386,0.5252322554588318
100,1.4016727386294185,0.5252322554588318
500,1.4008050981808353,0.5252322554588318
1000,1.400780153838364,0.5252322554588318
