epochs,loss,accuracy
1,1.365948223602185,0.5290747284889221
5,1.2964522440890909,0.5345925092697144
10,1.2532142414909064,0.5466893315315247
50,1.2259759597847133,0.5599533319473267
100,1.1901225318123407,0.5653650164604187
500,1.1593186908950224,0.5771434903144836
1000,1.1307983526956853,0.5778862237930298
