epochs,loss,accuracy
1,1.3988289677480903,0.5272955298423767
5,1.3994546190910921,0.5272955298423767
10,1.3655528159501586,0.5277138948440552
50,1.302248789560493,0.5687094926834106
100,1.278469550612082,0.5778079628944397
500,1.945726995088146,0.5272955298423767
1000,1.945726995088146,0.5272955298423767
