epochs,loss,accuracy
1,2.4758327154929725,0.19344466924667358
5,1.948166511956741,0.5296131372451782
10,1.945910096168518,0.13069184124469757
50,1.945910096168518,0.13069184124469757
100,1.945910096168518,0.13069184124469757
500,1.945910096168518,0.13069184124469757
1000,1.945910096168518,0.13069184124469757
