epochs,loss,accuracy
1,1.616643230120341,0.23797251284122467
5,1.2714134717929815,0.5379080772399902
10,1.2314536685181647,0.5404853820800781
50,1.1113963350397615,0.5905283689498901
100,1.0371760706516475,0.6096434593200684
500,0.9342923986747912,0.650343656539917
1000,0.9063156182106418,0.6723582744598389
