epochs,loss,accuracy
1,1.9862546583323901,0.5313894152641296
5,2.070461941566954,0.5311819314956665
10,1.945623997831983,0.04254436120390892
50,1.945910096168518,0.04233682528138161
100,1.945910096168518,0.04233682528138161
500,1.945910096168518,0.04233682528138161
1000,1.945910096168518,0.04233682528138161
