epochs,loss,accuracy
1,,0.5322783589363098
5,,0.5322783589363098
10,,0.5322783589363098
50,,0.5322783589363098
100,,0.5322783589363098
500,,0.5322783589363098
1000,,0.5322783589363098
