epochs,loss,accuracy
1,1.945910096168518,0.53524249792099
5,1.945910096168518,0.53524249792099
10,1.945910096168518,0.53524249792099
50,1.945910096168518,0.53524249792099
100,1.945910096168518,0.53524249792099
500,1.945910096168518,0.53524249792099
1000,1.945910096168518,0.53524249792099
