epochs,loss,accuracy
1,1.945910096168518,0.14111770689487457
5,1.945910096168518,0.14111770689487457
10,1.945910096168518,0.14111770689487457
50,1.945910096168518,0.14111770689487457
100,1.945910096168518,0.14111770689487457
500,1.945910096168518,0.14111770689487457
1000,1.945910096168518,0.14111770689487457
