epochs,loss,accuracy
1,1.3861817401582477,0.531461238861084
5,1.3865492777593795,0.531461238861084
10,1.3308014424096404,0.5519500970840454
50,1.252791094866756,0.5778471231460571
100,1.2136764494131707,0.6007280349731445
500,1.141090206968493,0.6216328740119934
1000,1.0588498865138474,0.639521598815918
