epochs,loss,accuracy
1,1.3887621389635016,0.534249484539032
5,1.3862209602339828,0.534249484539032
10,1.3862089671241808,0.534249484539032
50,1.3861278109520232,0.534249484539032
100,1.3862837256135194,0.534249484539032
500,1.38611688402188,0.534249484539032
1000,1.3861542790435082,0.534249484539032
