batchsize,accuracy,loss
38208,0.576124370098114000,1.182638693388250000
9552,0.645413756370544000,0.980072260748851000
1910,0.677762687206268000,0.891894066581320000
96,0.834394217,0.502510247
64,0.873219931,0.409963358
32,0.882708967,0.433720888
8,0.858186364,0.497005113