size,loss,accuracy,execution_time
37000,0.484855352397577000,0.933340430259705000,9.650518178939820000
9250,0.548360601065875000,0.931429803371429000,10.148120403289800000
1850,0.602556478957884000,0.930580615997314000,26.323859930038500000
93,0.663398228450026000,0.917418539524078000,282.609153032303000000
64,0.634182407078684000,0.922407388687134000,444.127114057541000000
32,0.608376662732749000,0.924211859703064000,795.707049608231000000
8,0.523356972676150000,0.920390605926514000,2899.126832485200000000
4,0.508371364718584000,0.918267726898193000,5689.412351131440000000