epochs,loss,accuracy
10,1.183978374413580000,0.573824405670166000
50,0.879302630099556000,0.678271949291229000
100,0.592619907870539000,0.786752998828888000
250,0.426406658769851000,0.882921159267426000
500,0.451388761521221000,0.922195076942444000