epochs,loss,accuracy
1,1.528543416048745,0.12547729909420013
5,1.5288189237381777,0.12547729909420013
10,1.4890373072788075,0.44463300704956055
50,1.4496018636717247,0.5508061051368713
100,1.2541334892057694,0.5726559162139893
500,1.1796168145558872,0.5905812382698059
1000,1.126713695139717,0.6021425724029541
