epochs,loss,accuracy
1,,0.5151354670524597
5,,0.5151354670524597
10,,0.5151354670524597
50,,0.5151354670524597
100,,0.5151354670524597
500,,0.5151354670524597
1000,,0.5151354670524597
