epochs,loss,accuracy
1,1.3593222891065633,0.5298975706100464
5,1.27376963377946,0.5338699817657471
10,1.2550509663373886,0.5373196601867676
50,1.1942239153118481,0.5536274313926697
100,1.1857528552434795,0.5661718845367432
500,1.1648128387595529,0.5708760023117065
1000,1.1277889728346755,0.5823750495910645
