epochs,loss,accuracy
1,1.6498548002514621,0.030850185081362724
5,1.5818240590396617,0.030850185081362724
10,1.2394767189340752,0.5398266315460205
50,1.1354737737382488,0.5688196420669556
100,1.0477048579297477,0.6232975721359253
500,0.9684439418338519,0.6513619422912598
1000,0.9141000926224003,0.6763309836387634
