epochs,loss,accuracy
1,1.357813352647619,0.5436227321624756
5,1.2972760680154702,0.5589197278022766
10,1.242001845849467,0.5786475539207458
50,1.1295214870431551,0.6063930988311768
100,1.033888490658569,0.6256989240646362
500,0.9907959114462656,0.6467981934547424
1000,0.9646426564166409,0.6549214124679565
