epochs,loss,accuracy
1,1.4195151531161367,0.5323867797851562
5,1.3832381258654292,0.5323867797851562
10,1.3833590352432705,0.5323867797851562
50,1.3833622766882783,0.5323867797851562
100,1.383247665746655,0.5323867797851562
500,1.3833221439895684,0.5323867797851562
1000,1.3832384208432502,0.5323867797851562
