epochs,loss,accuracy
1,1.685714974742647,0.020721007138490677
5,1.6735653076606418,0.34897980093955994
10,1.665246715995824,0.48271486163139343
50,1.6292240325889624,0.24537476897239685
100,1.608864371639715,0.23205412924289703
500,1.2572117620321546,0.39930224418640137
1000,1.1427367938372686,0.4720372259616852
