epochs,loss,accuracy
1,1.4498141663308899,0.19205985963344574
5,1.3006319786599856,0.5369985699653625
10,1.2417245849802845,0.5524839162826538
50,1.179199695116367,0.5705674290657043
100,1.0833828828112297,0.601018488407135
500,1.0228384710651652,0.6303263306617737
1000,1.0321301983290367,0.6282477378845215
