epochs,loss,accuracy
1,1.3552700594567098,0.5317173600196838
5,1.2849696211989483,0.5355337858200073
10,1.2427777920143084,0.5656523704528809
50,1.1505506893480606,0.5959773063659668
100,1.0843579144991815,0.6189788579940796
500,1.0205965843072806,0.638886034488678
1000,1.0048696812801352,0.6503352522850037
